MES,DIA,HORA,O3 [ppm],SO2 [ppm],NO2 [ppm],CO [ppm],PM10 [µg/m³],PM2.5 [µg/m³],TEMP,WS,WD,HR,PBAR
FEBRERO,1,0,0.02,0.006,0.026,0.56,65,40,19.02,3.88,96.45,60.45,619.55
FEBRERO,1,1,0.023,0.005,0.023,0.48,69,34,17.16,4.48,97.4,73.4,619.56
FEBRERO,1,2,0.022,0.005,0.022,0.47,57,33,16.22,4.11,81.83,78.4,619.88
FEBRERO,1,3,0.023,0.005,0.021,0.47,47,33,15.26,2.59,80.61,82,619.73
FEBRERO,1,4,0.025,0.005,0.02,0.45,47,36,14.5,3.29,77.8,84.66,619.52
FEBRERO,1,5,0.024,0.005,0.02,0.45,44,32,13.99,2.68,76.01,86.19,619.68
FEBRERO,1,6,0.019,0.005,0.022,0.49,43,38,13.36,2.09,78.03,87.92,619.77
FEBRERO,1,7,0.009,0.005,0.028,0.59,41,35,12.84,2.11,101.42,89.08,620.14
FEBRERO,1,8,0.003,0.005,0.034,0.85,51,33,12.49,1.96,105.19,89.09,620.52
FEBRERO,1,9,0.009,0.005,0.031,0.82,61,38,13.89,2.47,95.94,84.27,620.98
FEBRERO,1,10,0.02,0.005,0.026,0.67,79,45,16.56,3.3,97.59,76.61,621.27
FEBRERO,1,11,0.029,0.005,0.023,0.6,71,37,18.67,2.62,93.58,70.63,621.35
FEBRERO,1,12,0.04,0.005,0.021,0.58,67,35,21.01,2.09,102.7,62.7,620.9
FEBRERO,1,13,0.051,0.005,0.022,0.62,67,34,23.2,1.86,33.74,54.99,620.47
FEBRERO,1,14,0.063,0.005,0.021,0.56,60,33,24.34,1.9,38.14,49.84,619.94
FEBRERO,1,15,0.066,0.005,0.021,0.58,51,33,25.25,2.26,220.82,47.13,619.1
FEBRERO,1,16,0.066,0.005,0.019,0.57,57,35,25.94,2.38,275.31,45.52,618.43
FEBRERO,1,17,0.061,0.005,0.02,0.66,68,34,26.67,2.02,307.32,42.71,618.46
FEBRERO,1,18,0.052,0.005,0.021,0.65,65,32,25.95,3.11,292.09,40.67,618.4
FEBRERO,1,19,0.035,0.005,0.023,0.83,64,33,24.17,2.64,252.9,42.94,618.25
FEBRERO,1,20,0.024,0.005,0.027,1.01,101,31,22.18,2.42,217.67,49.17,618.69
FEBRERO,1,21,0.029,0.005,0.021,0.56,79,34,21.33,3.7,199.68,47.33,619.43
FEBRERO,1,22,0.028,0.005,0.019,0.54,60,23,20.54,2.92,195.9,49.18,619.79
FEBRERO,1,23,0.017,0.005,0.026,0.69,38,26,19.52,1.36,1.39,52.33,620.09
FEBRERO,2,0,0.013,0.005,0.028,0.66,43,26,18.33,1.59,315.45,57.87,620.04
FEBRERO,2,1,0.009,0.005,0.026,0.61,51,32,16.99,1.16,104.85,62.89,620.37
FEBRERO,2,2,0.001,0.005,0.031,0.74,56,30,15.72,0.58,128.73,65.7,620.23
FEBRERO,2,3,0.001,0.005,0.03,0.69,65,34,15.24,0.84,87.87,67.28,620.07
FEBRERO,2,4,0.001,0.005,0.03,0.61,61,40,14.28,0.76,162.26,69.52,620
FEBRERO,2,5,0.003,0.005,0.028,0.55,57,31,13.27,0.46,145.95,71.51,619.89
FEBRERO,2,6,0.002,0.005,0.028,0.66,39,27,12.69,0.76,151.18,72.96,620.11
FEBRERO,2,7,0,0.005,0.031,0.84,47,28,11.88,1.21,112.7,74.52,620.12
FEBRERO,2,8,0.001,0.005,0.031,1.17,304,38,11.89,1.19,119.02,74.72,620.65
FEBRERO,2,9,0.005,0.005,0.028,0.99,82,36,13.49,1.96,139.51,69.76,621.1
FEBRERO,2,10,0.009,0.006,0.033,1.07,67,32,17.16,1.24,244.65,62.23,621.29
FEBRERO,2,11,0.029,0.007,0.027,0.79,111,44,19.19,2.31,295.13,60.21,621.49
FEBRERO,2,12,0.045,0.011,0.023,0.66,91,40,20.78,2.37,311.48,57.09,621.56
FEBRERO,2,13,0.051,0.008,0.022,0.61,71,39,22.87,2,316.72,51.05,621.09
FEBRERO,2,14,0.045,0.006,0.021,0.55,71,36,24.43,3.6,285.72,39.12,620.41
FEBRERO,2,15,0.047,0.005,0.02,0.61,61,23,25.29,4.19,303.69,38.75,619.79
FEBRERO,2,16,0.047,0.005,0.017,0.58,62,24,25.85,4.64,293.02,34.99,619.58
FEBRERO,2,17,0.048,0.005,0.017,0.58,73,25,26.12,4.02,297.38,30.13,619.53
FEBRERO,2,18,0.048,0.005,0.018,0.62,65,24,25.83,3.13,296.24,27.22,619.59
FEBRERO,2,19,0.03,0.006,0.028,1,52,22,24.33,2.26,309.28,28.49,619.4
FEBRERO,2,20,0.002,0.006,0.047,2.06,53,24,22.14,1.39,287.96,33.94,619.35
FEBRERO,2,21,0.003,0.006,0.045,1.5,110,41,19.94,1.27,265.63,38.66,619.56
FEBRERO,2,22,0.002,0.006,0.043,1.93,134,41,18.45,0.77,216.38,42.62,619.78
FEBRERO,2,23,0.001,0.006,0.045,2.42,139,44,17.93,1.56,32.92,44.64,620.37
FEBRERO,3,0,0.001,0.006,0.042,0.98,156,61,16.58,2.09,109.64,45.76,621.05
FEBRERO,3,1,0.007,0.006,0.037,0.66,108,48,16.57,4,98.87,59.46,620.97
FEBRERO,3,2,0.022,0.005,0.027,0.49,80,32,16.34,3.97,90.71,69.92,621.05
FEBRERO,3,3,0.03,0.005,0.022,0.45,55,27,15.78,3.34,53.76,70.47,621.54
FEBRERO,3,4,0.025,0.005,0.018,0.44,46,26,13.21,3.45,58.15,80.16,621.74
FEBRERO,3,5,0.027,0.005,0.016,0.43,51,27,13.15,4.33,65.79,81.67,622.12
FEBRERO,3,6,0.031,0.005,0.015,0.44,37,25,12.82,5.16,76.76,77.27,622.45
FEBRERO,3,7,0.028,0.005,0.016,0.49,59,24,12.45,5.18,78.07,75.27,622.87
FEBRERO,3,8,0.017,0.005,0.021,0.59,38,22,12.15,4.5,89.91,75.36,623.25
FEBRERO,3,9,0.018,0.005,0.023,0.59,44,19,12.53,5.35,92.46,73.73,623.41
FEBRERO,3,10,0.021,0.005,0.02,0.57,63,21,12.6,6.27,91.46,72.54,624.07
FEBRERO,3,11,0.025,0.005,0.019,0.54,99,22,13.48,6.82,88.72,69.01,624.17
FEBRERO,3,12,0.027,0.005,0.018,0.53,143,20,14.54,6.74,86.94,65.29,623.99
FEBRERO,3,13,0.031,0.005,0.018,0.54,137,21,15.76,6.9,82.84,61.35,623.33
FEBRERO,3,14,0.035,0.005,0.018,0.56,173,23,16.66,6.88,81.82,58.6,622.53
FEBRERO,3,15,0.038,0.005,0.018,0.56,163,24,17.85,6.81,87.24,54.84,621.94
FEBRERO,3,16,0.039,0.005,0.018,0.56,176,23,18.91,6.9,87.02,51.35,621.35
FEBRERO,3,17,0.038,0.005,0.018,0.55,144,25,19.06,6.9,89.83,49.7,621.08
FEBRERO,3,18,0.033,0.005,0.019,0.56,116,23,18.2,6.62,96.5,50.78,621.47
FEBRERO,3,19,0.025,0.005,0.021,0.6,104,23,16.56,5.82,90.24,51.89,621.83
FEBRERO,3,20,0.024,0.005,0.021,0.56,91,22,14.42,6.5,88.96,55.55,622.31
FEBRERO,3,21,0.024,0.005,0.02,0.49,78,24,12.9,5.72,87.55,59.37,623.13
FEBRERO,3,22,0.024,0.005,0.021,0.47,61,24,11.5,5.56,82.78,61.14,623.56
FEBRERO,3,23,0.026,0.005,0.02,0.44,43,22,10.23,5.28,79.3,57.41,623.95
FEBRERO,4,0,0.032,0.005,0.017,0.41,41,21,9.37,3.44,74.12,52.12,624.13
FEBRERO,4,1,0.033,0.005,0.015,0.38,19,20,8.69,3.7,74.9,50.31,623.99
FEBRERO,4,2,0.032,0.005,0.016,0.35,15,17,8.1,3.49,74.24,49.16,623.67
FEBRERO,4,3,0.032,0.005,0.016,0.36,14,16,7.58,2.95,83.52,47.56,623.79
FEBRERO,4,4,0.028,0.005,0.017,0.38,18,18,6.72,2.79,100.26,51.84,623.52
FEBRERO,4,5,0.023,0.005,0.02,0.38,19,18,6.22,3.06,97.3,59.99,623.32
FEBRERO,4,6,0.019,0.005,0.021,0.42,18,16,5.65,2.29,68.01,63.77,623.31
FEBRERO,4,7,0.014,0.005,0.026,0.52,21,16,5.51,2.43,59.97,62.04,623.62
FEBRERO,4,8,0.013,0.005,0.027,0.67,20,20,5.73,2.02,33.5,60.19,623.54
FEBRERO,4,9,NA,NA,NA,NA,NA,NA,NA,NA,NA,NA,NA
FEBRERO,4,10,NA,NA,NA,NA,NA,NA,NA,NA,NA,NA,NA
FEBRERO,4,11,NA,NA,NA,NA,NA,NA,NA,NA,NA,NA,NA
FEBRERO,4,12,NA,NA,NA,NA,NA,NA,NA,NA,NA,NA,NA
FEBRERO,4,13,NA,NA,NA,NA,NA,NA,NA,NA,NA,NA,NA
FEBRERO,4,14,NA,NA,NA,NA,NA,NA,NA,NA,NA,NA,NA
FEBRERO,4,15,NA,NA,NA,NA,NA,NA,NA,NA,NA,NA,NA
FEBRERO,4,16,NA,NA,NA,NA,NA,NA,NA,NA,NA,NA,NA
FEBRERO,4,17,NA,NA,NA,NA,NA,NA,NA,NA,NA,NA,NA
FEBRERO,4,18,NA,NA,NA,NA,NA,NA,NA,NA,NA,NA,NA
FEBRERO,4,19,NA,NA,NA,NA,NA,NA,NA,NA,NA,NA,NA
FEBRERO,4,20,NA,NA,NA,NA,NA,NA,NA,NA,NA,NA,NA
FEBRERO,4,21,NA,NA,NA,NA,NA,NA,NA,NA,NA,NA,NA
FEBRERO,4,22,NA,NA,NA,NA,NA,NA,NA,NA,NA,NA,NA
FEBRERO,4,23,NA,NA,NA,NA,NA,NA,NA,NA,NA,NA,NA
FEBRERO,5,0,NA,NA,NA,NA,NA,NA,NA,NA,NA,NA,NA
FEBRERO,5,1,NA,NA,NA,NA,NA,NA,NA,NA,NA,NA,NA
FEBRERO,5,2,NA,NA,NA,NA,NA,NA,NA,NA,NA,NA,NA
FEBRERO,5,3,NA,NA,NA,NA,NA,NA,NA,NA,NA,NA,NA
FEBRERO,5,4,NA,NA,NA,NA,NA,NA,NA,NA,NA,NA,NA
FEBRERO,5,5,NA,NA,NA,NA,NA,NA,NA,NA,NA,NA,NA
FEBRERO,5,6,NA,NA,NA,NA,NA,NA,NA,NA,NA,NA,NA
FEBRERO,5,7,NA,NA,NA,NA,NA,NA,NA,NA,NA,NA,NA
FEBRERO,5,8,NA,NA,NA,NA,NA,NA,NA,NA,NA,NA,NA
FEBRERO,5,9,NA,NA,NA,NA,NA,NA,NA,NA,NA,NA,NA
FEBRERO,5,10,NA,NA,NA,NA,NA,NA,NA,NA,NA,NA,NA
FEBRERO,5,11,NA,NA,NA,NA,NA,NA,NA,NA,NA,NA,NA
FEBRERO,5,12,NA,NA,NA,NA,NA,NA,NA,NA,NA,NA,NA
FEBRERO,5,13,NA,NA,NA,NA,NA,NA,NA,NA,NA,NA,NA
FEBRERO,5,14,NA,NA,NA,NA,NA,NA,NA,NA,NA,NA,NA
FEBRERO,5,15,NA,NA,NA,NA,NA,NA,NA,NA,NA,NA,NA
FEBRERO,5,16,NA,NA,NA,NA,NA,NA,NA,NA,NA,NA,NA
FEBRERO,5,17,NA,NA,NA,NA,NA,NA,NA,NA,NA,NA,NA
FEBRERO,5,18,NA,NA,NA,NA,NA,NA,NA,NA,NA,NA,NA
FEBRERO,5,19,NA,NA,NA,NA,NA,NA,NA,NA,NA,NA,NA
FEBRERO,5,20,NA,NA,NA,NA,NA,NA,NA,NA,NA,NA,NA
FEBRERO,5,21,NA,NA,NA,NA,NA,NA,NA,NA,NA,NA,NA
FEBRERO,5,22,NA,NA,NA,NA,NA,NA,NA,NA,NA,NA,NA
FEBRERO,5,23,NA,NA,NA,NA,NA,NA,NA,NA,NA,NA,NA
FEBRERO,6,0,0.019,0.006,0.026,0.48,47,26,14.62,2.55,78.84,44.27,621.49
FEBRERO,6,1,0.02,0.006,0.024,0.51,33,28,13.3,2.69,68.17,48.93,621.34
FEBRERO,6,2,0.019,0.006,0.023,0.54,39,25,12.17,2.03,80,52.47,621.14
FEBRERO,6,3,0.017,0.006,0.024,0.5,47,32,11.44,2.88,84.08,54.29,620.76
FEBRERO,6,4,0.018,0.005,0.024,0.47,42,29,10.54,2.69,85.87,56.32,620.56
FEBRERO,6,5,0.017,0.006,0.023,0.46,35,27,9.94,2.61,106.2,57.62,620.52
FEBRERO,6,6,0.017,0.006,0.024,0.48,38,27,9.76,3.13,103.41,57.94,620.48
FEBRERO,6,7,0.012,0.006,0.027,0.53,44,34,9.14,3.31,103.3,58.52,620.73
FEBRERO,6,8,0.009,0.006,0.029,0.61,36,26,9.39,2.72,101.36,56.14,620.98
FEBRERO,6,9,0.013,0.006,0.029,0.69,44,27,11.15,2.11,79.82,52.46,620.99
FEBRERO,6,10,0.018,0.006,0.027,0.67,58,33,13.8,2.31,72.65,47.47,621.16
FEBRERO,6,11,0.029,0.006,0.026,0.59,64,29,17.25,1.89,75,40.11,621.1
FEBRERO,6,12,0.043,0.006,0.023,0.57,56,28,20.82,1.44,357.74,27.87,620.94
FEBRERO,6,13,0.05,0.005,0.023,0.59,40,26,23.09,1.58,249.51,20.2,620.31
FEBRERO,6,14,0.056,0.005,0.022,0.52,43,23,25.18,1.74,278.31,14.25,619.62
FEBRERO,6,15,0.054,0.005,0.019,0.48,42,22,26.85,1.92,248.45,10.68,619.03
FEBRERO,6,16,0.056,0.005,0.017,0.47,31,20,27.32,2.26,166.73,10.07,618.41
FEBRERO,6,17,0.061,0.005,0.018,0.52,32,18,27.55,2.12,262.47,12.64,618.25
FEBRERO,6,18,0.057,0.005,0.018,0.55,38,17,26.98,2.01,277.12,12.96,618.05
FEBRERO,6,19,0.041,0.005,0.024,0.71,364,35,24.16,2.98,271.31,18.66,617.7
FEBRERO,6,20,0.023,0.006,0.033,0.99,77,28,21.19,2.43,259.15,21.98,617.61
FEBRERO,6,21,0.016,0.006,0.037,1.15,110,57,18.98,1.42,248.32,23.72,617.92
FEBRERO,6,22,0.004,0.006,0.046,1.92,118,68,17.34,1.16,55.27,27.67,618.17
FEBRERO,6,23,0.005,0.006,0.044,1.16,141,60,16.42,2.46,104,29.51,618.43
FEBRERO,7,0,0.012,0.006,0.038,0.77,104,39,16.03,2.54,80.53,28.67,618.75
FEBRERO,7,1,0.009,0.007,0.037,0.72,75,32,15.51,1.92,114.69,30.64,618.73
FEBRERO,7,2,0.018,0.006,0.029,0.56,70,36,14.13,2.12,95.53,35.4,618.54
FEBRERO,7,3,0.018,0.006,0.025,0.54,50,30,12.87,1.12,139.84,39.69,618.71
FEBRERO,7,4,0.014,0.006,0.026,0.54,42,27,12.06,1.61,110.97,41.92,618.69
FEBRERO,7,5,0.002,0.007,0.036,0.66,49,28,11.34,1.63,75.96,43.53,618.78
FEBRERO,7,6,0.001,0.007,0.036,0.71,53,38,10.88,1.58,86.2,45.24,618.99
FEBRERO,7,7,0.001,0.01,0.034,0.91,52,33,10.26,2.13,77.53,44.87,619.25
FEBRERO,7,8,0.001,0.008,0.035,1.3,82,43,10.22,1.82,79.72,49.94,619.45
FEBRERO,7,9,0.004,0.007,0.035,1.18,90,39,12.54,1.93,84.45,46.9,619.69
FEBRERO,7,10,0.012,0.007,0.033,0.97,103,34,16.33,1.71,91.4,43.46,619.81
FEBRERO,7,11,0.039,0.007,0.025,0.71,95,34,20.69,1.19,239.31,43.62,620.09
FEBRERO,7,12,0.052,0.007,0.028,0.76,76,33,22.73,1.89,290.15,42.47,619.94
FEBRERO,7,13,0.061,0.007,0.025,0.68,101,35,24.29,2.76,301.44,42.77,619.31
FEBRERO,7,14,0.065,0.007,0.02,0.64,95,33,25.37,3.51,306.67,39.9,618.82
FEBRERO,7,15,0.065,0.007,0.019,0.6,81,32,26.17,3.91,296.82,32.11,618.08
FEBRERO,7,16,0.064,0.006,0.019,0.63,75,26,26.82,3.48,314.66,28.77,617.92
FEBRERO,7,17,0.064,0.006,0.019,0.66,56,27,27.02,3.06,310.33,29.32,617.72
FEBRERO,7,18,0.062,0.006,0.02,0.67,56,26,26.53,2.75,306.75,29.7,617.31
FEBRERO,7,19,0.048,0.007,0.029,0.99,52,29,24.81,2.38,314.37,31.44,617.34
FEBRERO,7,20,0.011,0.007,0.056,1.76,70,30,22.69,1.62,285.96,37,617.42
FEBRERO,7,21,0.01,0.007,0.05,1.41,125,42,20.04,1.59,239.62,41.94,617.74
FEBRERO,7,22,0.009,0.007,0.047,1.23,143,43,18.77,1.34,91.32,45.44,617.88
FEBRERO,7,23,0.017,0.007,0.035,0.9,126,56,18.39,1.35,129.57,56.14,618.21
FEBRERO,8,0,0.013,0.007,0.032,0.84,75,36,17.73,1.31,40.31,59.77,618.42
FEBRERO,8,1,0.009,0.006,0.038,0.82,70,39,16.92,1.56,7.33,57.28,618.57
FEBRERO,8,2,0.005,0.006,0.039,0.8,81,41,15.86,0.9,100.58,60.46,618.66
FEBRERO,8,3,0.003,0.006,0.038,0.8,87,48,15.48,0.99,247.36,62.97,618.62
FEBRERO,8,4,0.018,0.006,0.03,0.54,87,44,15.64,2.46,282.3,68.38,618.53
FEBRERO,8,5,0.015,0.005,0.026,0.53,66,37,15.03,2.2,303.59,68.39,618.29
FEBRERO,8,6,0.01,0.006,0.029,0.58,84,35,14.13,1.67,312.52,69.84,618.81
FEBRERO,8,7,0.002,0.006,0.035,0.98,69,35,13.43,1.02,317.27,72.85,618.96
FEBRERO,8,8,0,0.006,0.034,2.13,76,35,12.87,0.94,192.61,73.99,619.22
FEBRERO,8,9,0.002,0.006,0.041,1.92,165,59,14.67,1.19,80.51,68.83,619.47
FEBRERO,8,10,0.017,0.006,0.032,0.96,148,57,18.24,1.13,157.25,58.28,619.72
FEBRERO,8,11,0.036,0.006,0.026,0.68,98,41,20.69,1.71,257.6,50.81,620.08
FEBRERO,8,12,0.048,0.006,0.022,0.54,82,32,22.07,2.77,265.48,52.6,620.18
FEBRERO,8,13,0.049,0.005,0.02,0.51,66,33,23.33,3.29,268.57,52.28,619.93
FEBRERO,8,14,0.054,0.006,0.018,0.5,66,28,23.87,2.19,287.32,48.95,619.34
FEBRERO,8,15,0.058,0.006,0.018,0.52,57,32,24.05,2.32,264.9,47.47,618.58
FEBRERO,8,16,0.062,0.006,0.018,0.55,69,31,25.24,2.1,275.8,43.91,618.09
FEBRERO,8,17,0.061,0.005,0.018,0.54,71,36,25.28,2.38,267.06,43.96,617.82
FEBRERO,8,18,0.057,0.005,0.019,0.59,76,36,24.94,2.21,288.77,43.28,617.8
FEBRERO,8,19,0.038,0.005,0.029,1,70,33,23.58,2.05,309.98,45.02,617.92
FEBRERO,8,20,0.011,0.005,0.047,1.57,80,38,22.11,1.08,290.54,48.77,617.9
FEBRERO,8,21,0.012,0.006,0.045,1.46,118,45,20.76,1.75,241.48,53.08,618.33
FEBRERO,8,22,0.036,0.006,0.023,0.64,182,61,19.84,2.03,226.5,64.08,618.9
FEBRERO,8,23,0.029,0.006,0.025,0.69,94,37,19.92,1.91,78.44,59.88,618.82
FEBRERO,9,0,0.029,0.006,0.025,0.53,65,37,18.78,4.31,80.9,65.67,619.37
FEBRERO,9,1,0.031,0.005,0.021,0.47,94,33,17.37,5.24,94.57,74.44,619.54
FEBRERO,9,2,0.036,0.005,0.018,0.45,63,33,16.65,5.11,91.94,76,619.7
FEBRERO,9,3,0.034,0.005,0.018,0.43,51,33,16.01,3.96,87.3,76.83,619.44
FEBRERO,9,4,0.031,0.005,0.019,0.41,46,33,15.28,2.68,63.98,78.89,619.32
FEBRERO,9,5,0.031,0.005,0.019,0.4,47,33,14.57,1.96,74.84,81.14,619.41
FEBRERO,9,6,0.022,0.005,0.023,0.45,42,32,13.94,1.81,100.62,82.96,619.55
FEBRERO,9,7,0.009,0.005,0.03,0.62,51,35,13.29,1.39,93.5,85.2,619.83
FEBRERO,9,8,0.002,0.006,0.04,0.94,56,38,13.24,1.46,99.17,85.66,620.1
FEBRERO,9,9,0.009,0.006,0.037,0.89,66,42,14.78,2.09,70.29,79.89,620.39
FEBRERO,9,10,0.02,0.006,0.032,0.77,84,43,16.94,2.8,84.83,73.26,620.38
FEBRERO,9,11,0.035,0.006,0.024,0.58,82,43,19.15,2.78,101.7,66.24,620.63
FEBRERO,9,12,0.047,0.006,0.022,0.53,66,40,21.91,1.85,121.54,57.14,620.43
FEBRERO,9,13,0.056,0.006,0.02,0.53,61,32,22.21,2.3,272.45,55.37,620.02
FEBRERO,9,14,0.061,0.006,0.02,0.56,65,39,23.97,2.71,284.78,48.04,619.24
FEBRERO,9,15,0.062,0.006,0.019,0.55,67,36,24.45,2.59,283.39,46.03,618.71
FEBRERO,9,16,0.061,0.006,0.019,0.63,68,34,24.27,1.79,296.73,46.53,618.2
FEBRERO,9,17,0.063,0.006,0.019,0.6,69,33,25.59,2.2,283.49,39.5,618
FEBRERO,9,18,0.063,0.006,0.02,0.67,65,36,25.03,2.84,301.58,38.38,618.12
FEBRERO,9,19,0.052,0.006,0.023,0.78,72,37,23.06,2.18,294.45,46.5,618.02
FEBRERO,9,20,0.025,0.006,0.038,1.17,76,37,21.52,1.65,237.13,51.05,618.46
FEBRERO,9,21,0.022,0.006,0.038,1.09,132,48,20.64,2.1,189.97,52.19,618.81
FEBRERO,9,22,0.029,0.006,0.025,0.66,96,47,20.15,2.78,213.25,50.24,619.14
FEBRERO,9,23,0.034,0.006,0.019,0.54,54,31,19.58,2.87,255.89,48.33,619.03
FEBRERO,10,0,0.025,0.006,0.022,0.58,51,29,18.23,1.5,253.51,52.04,619.05
FEBRERO,10,1,0.012,0.006,0.026,0.71,54,39,17.01,0.88,46.01,56.01,619.45
FEBRERO,10,2,0.004,0.006,0.033,0.62,50,31,15.84,0.9,102.76,60.68,619.58
FEBRERO,10,3,0,0.006,0.035,0.66,54,33,14.74,0.75,165.26,64.96,619.43
FEBRERO,10,4,0.001,0.006,0.035,0.62,70,41,14.07,1.24,97.24,66.71,619.37
FEBRERO,10,5,0.001,0.006,0.034,0.56,70,45,12.85,0.89,86.95,69.3,619.37
FEBRERO,10,6,0.001,0.006,0.033,0.7,46,33,12.66,1.05,90.31,70.07,619.25
FEBRERO,10,7,0.001,0.006,0.034,0.88,50,33,11.95,1.51,95.34,71.32,619.56
FEBRERO,10,8,0.001,0.006,0.033,1.32,64,37,11.97,1.06,84.65,71.09,620.05
FEBRERO,10,9,0.003,0.007,0.034,1.24,75,40,13.32,1.84,95.11,67.04,620.38
FEBRERO,10,10,0.01,0.007,0.034,0.99,89,37,16.49,1.78,104.61,59.73,620.42
FEBRERO,10,11,0.028,0.007,0.03,0.8,86,40,20.62,1.27,197.33,50.02,620.68
FEBRERO,10,12,0.047,0.007,0.024,0.67,75,42,22.43,1.96,291.45,45.08,620.54
FEBRERO,10,13,0.054,0.006,0.021,0.53,64,33,23.82,2.26,276.6,40.13,620.08
FEBRERO,10,14,0.06,0.006,0.019,0.55,55,24,24.98,2.41,243.1,37.19,619.22
FEBRERO,10,15,0.064,0.006,0.012,0.57,NA,29,26.42,2.29,263.15,34.62,619.01
FEBRERO,10,16,0.062,0.005,0.014,0.55,94,30,26.39,2.58,261.14,34.41,618.63
FEBRERO,10,17,0.058,0.005,0.017,0.64,54,27,26.5,3.02,298.97,33.39,618.26
FEBRERO,10,18,0.05,0.006,0.022,0.73,58,25,25.43,2.76,319.13,34.54,618.21
FEBRERO,10,19,0.04,0.006,0.026,0.89,50,28,24.22,2.65,319.5,35.29,618.24
FEBRERO,10,20,0.024,0.006,0.032,0.94,58,31,21.66,4.2,68.63,51.13,618.49
FEBRERO,10,21,0.025,0.006,0.022,0.6,141,35,18.99,6.55,89.5,64.79,619.24
FEBRERO,10,22,0.024,0.006,0.019,0.54,133,31,16.91,5.81,77.07,72.07,619.97
FEBRERO,10,23,0.023,0.006,0.017,0.51,100,27,15.3,6.16,80.83,77.66,620.4
FEBRERO,11,0,0.024,0.005,0.015,0.49,77,23,14.4,4.98,74.37,79.42,620.71
FEBRERO,11,1,0.026,0.005,0.014,0.43,32,20,13.66,4.64,72.4,80.08,620.73
FEBRERO,11,2,0.026,0.005,0.014,0.41,16,19,12.73,4.38,73.42,81.72,620.84
FEBRERO,11,3,0.027,0.005,0.014,0.4,19,17,12.15,4.85,81.33,81.89,620.74
FEBRERO,11,4,0.026,0.005,0.014,0.4,18,16,11.85,3.9,69.15,80.68,620.54
FEBRERO,11,5,0.023,0.005,0.015,0.42,8,17,11.36,2.84,45.3,80.93,620.66
FEBRERO,11,6,0.02,0.005,0.017,0.43,11,20,11.2,3.74,76.26,80.78,620.82
FEBRERO,11,7,0.021,0.005,0.018,0.44,22,22,10.98,4.04,71.25,80.12,621.09
FEBRERO,11,8,0.02,0.005,0.019,0.48,NA,18,10.43,4.66,89.08,80.59,621.2
FEBRERO,11,9,0.022,0.005,0.02,0.53,NA,15,10.8,5.14,88.78,78.04,621.57
FEBRERO,11,10,0.025,0.005,0.018,0.56,NA,18,12.3,4.26,78.32,73.02,621.56
FEBRERO,11,11,0.028,0.005,0.018,0.57,NA,20,14.12,4.25,87.06,68.19,621.28
FEBRERO,11,12,0.035,0.005,0.018,0.56,NA,20,15.92,4.12,76,63.84,621.04
FEBRERO,11,13,0.043,0.005,0.017,0.54,NA,20,18.31,2.89,88.85,55.48,620.21
FEBRERO,11,14,0.051,0.005,0.018,0.54,NA,23,20.92,2.51,43.23,50.41,620.04
FEBRERO,11,15,0.057,0.005,0.019,0.57,NA,21,23.12,2.15,34.46,45.83,619.44
FEBRERO,11,16,0.059,0.005,0.019,0.56,NA,23,24.03,2.32,48.36,42.65,619.05
FEBRERO,11,17,0.059,0.005,0.019,0.56,NA,24,24.72,2.13,27.16,41.75,619.08
FEBRERO,11,18,0.056,0.005,0.018,0.58,NA,27,24.52,1.79,14.15,40.94,619.03
FEBRERO,11,19,0.039,0.005,0.024,0.74,NA,27,22.49,2.85,8.11,42.77,618.93
FEBRERO,11,20,0.028,0.005,0.024,0.7,NA,27,20.02,3.58,52.41,47.56,619.27
FEBRERO,11,21,0.026,0.005,0.023,0.59,NA,25,17.39,4.62,87.59,54.42,619.76
FEBRERO,11,22,0.026,0.005,0.023,0.54,NA,30,15.78,4.55,79.87,57,620.56
FEBRERO,11,23,0.024,0.005,0.022,0.5,NA,26,14.66,4.31,77.98,61.01,620.53
FEBRERO,12,0,0.026,0.005,0.021,0.49,NA,26,13.6,3.3,71.62,65.02,620.76
FEBRERO,12,1,0.026,0.006,0.019,0.46,NA,22,12.77,3.19,69.87,67.27,620.87
FEBRERO,12,2,0.03,0.006,0.016,0.43,NA,21,12.26,3.02,89.47,69.13,620.68
FEBRERO,12,3,0.026,0.005,0.017,0.43,NA,20,11.29,2.83,98.31,72.49,620.4
FEBRERO,12,4,0.021,0.006,0.02,0.44,NA,19,10.54,2.15,79.36,75.32,620.16
FEBRERO,12,5,0.021,0.006,0.02,0.43,NA,27,10.02,2.17,61.68,75.8,620.06
FEBRERO,12,6,0.019,0.006,0.02,0.45,NA,24,9.56,1.99,55.73,76.36,620.23
FEBRERO,12,7,0.019,0.006,0.021,0.48,NA,21,9.11,2.04,66.3,75.83,620.29
FEBRERO,12,8,0.017,0.005,0.021,0.56,NA,24,9.07,1.83,64.75,74.97,620.65
FEBRERO,12,9,0.017,0.006,0.024,0.57,NA,26,10.97,2.49,76.36,74.21,620.75
FEBRERO,12,10,0.023,0.006,0.023,0.58,NA,27,13.43,2.83,62.96,68.75,620.74
FEBRERO,12,11,0.031,0.006,0.021,0.57,NA,24,16.69,2.11,57.65,60.71,620.72
FEBRERO,12,12,0.042,0.006,0.02,0.57,NA,25,20.22,1.46,10.42,52.28,620.51
FEBRERO,12,13,0.055,0.006,0.021,0.6,NA,30,22.82,1.52,321.21,45.25,619.98
FEBRERO,12,14,0.064,0.006,0.019,0.55,66,29,24.49,2.37,288.3,42.53,619.33
FEBRERO,12,15,0.067,0.006,0.018,0.59,61,29,25.5,2.7,303.2,40.3,618.45
FEBRERO,12,16,0.06,0.006,0.016,0.52,94,54,26.07,2.32,292.33,37.49,618.06
FEBRERO,12,17,0.056,0.006,0.016,0.53,67,35,26.87,2.33,322.93,32.53,618.04
FEBRERO,12,18,0.055,0.006,0.017,0.57,58,31,26.3,2.55,315.97,37.01,617.92
FEBRERO,12,19,0.055,0.006,0.019,0.67,54,32,24.51,2.56,306.39,43,617.83
FEBRERO,12,20,0.03,0.007,0.034,1.19,65,37,22.79,1.67,280.54,48.9,617.96
FEBRERO,12,21,0.024,0.006,0.037,1.11,102,45,21.21,2.02,269.85,52.76,618.29
FEBRERO,12,22,0.019,0.006,0.038,1.11,123,46,20.28,1.57,222.31,54.87,618.93
FEBRERO,12,23,0.012,0.006,0.041,1.13,103,45,19.65,1.53,82.65,57.08,619.07
FEBRERO,13,0,0.01,0.006,0.038,1.05,93,45,19.25,0.88,107.34,58.21,619.28
FEBRERO,13,1,0.016,0.006,0.031,0.78,83,43,18.48,1.24,65.98,58.23,619.22
FEBRERO,13,2,0.028,0.006,0.024,0.52,70,38,17.85,2.14,87.45,55.12,619.33
FEBRERO,13,3,0.025,0.006,0.023,0.49,58,28,16.34,1.66,106.43,58.99,619.13
FEBRERO,13,4,0.021,0.006,0.023,0.51,48,29,15.61,1.83,82.74,61.53,618.75
FEBRERO,13,5,0.01,0.006,0.03,0.56,46,30,14.58,1.55,79.35,64.43,618.81
FEBRERO,13,6,0.013,0.006,0.029,0.6,55,29,13.9,1.5,90.95,64.73,618.87
FEBRERO,13,7,0.006,0.006,0.033,0.84,63,40,13.01,1.18,107.33,67.29,619.43
FEBRERO,13,8,0.001,0.006,0.036,1.46,69,35,12.39,1.4,113.2,71.16,619.76
FEBRERO,13,9,0.005,0.006,0.036,1.49,104,40,14.82,1.13,82.37,63.44,619.99
FEBRERO,13,10,0.016,0.006,0.033,1.06,105,44,18.29,1.13,76.31,55.49,620.14
FEBRERO,13,11,0.035,0.007,0.025,0.76,108,42,20.44,2.01,258.09,54.47,620.35
FEBRERO,13,12,0.044,0.006,0.023,0.67,85,33,22.3,2.45,307.53,51.02,619.99
FEBRERO,13,13,0.053,0.007,0.021,0.63,89,36,23.78,3.25,294.34,46.62,619.43
FEBRERO,13,14,0.06,0.007,0.019,0.67,76,33,25.21,3.12,291.36,44.87,618.63
FEBRERO,13,15,0.054,0.006,0.018,0.58,68,32,27.04,3.12,237.71,38.34,617.62
FEBRERO,13,16,0.057,0.006,0.016,0.59,67,28,27.54,4.35,258.54,32.83,617.33
FEBRERO,13,17,0.062,0.005,0.016,0.61,99,28,26.9,4.15,270.76,38.81,617.07
FEBRERO,13,18,0.052,0.005,0.018,0.65,91,32,26.37,4.43,275.95,40.54,617.01
FEBRERO,13,19,0.036,0.005,0.025,0.77,99,31,24.74,3.14,260.2,45.73,617.03
FEBRERO,13,20,0.036,0.006,0.022,0.67,98,38,24,3.95,254.69,44.72,617.58
FEBRERO,13,21,0.026,0.005,0.02,0.62,85,33,22.23,3.24,257.88,45.9,618.21
FEBRERO,13,22,0.024,0.006,0.02,0.6,80,30,20.67,3.1,263.48,47.43,618.53
FEBRERO,13,23,0.026,0.006,0.018,0.54,47,29,19.56,2.12,263.59,51.02,618.64
FEBRERO,14,0,0.024,0.006,0.018,0.5,42,26,18.65,1.63,241.1,53.22,618.72
FEBRERO,14,1,0.022,0.005,0.019,0.47,35,25,18.04,2.07,286.12,55.8,618.5
FEBRERO,14,2,0.02,0.005,0.019,0.52,35,26,17.26,1.9,321.13,58.83,618.4
FEBRERO,14,3,0.017,0.005,0.02,0.5,46,27,16.18,2.23,296.9,62.6,618.34
FEBRERO,14,4,0.017,0.005,0.019,0.46,37,29,15.5,2.27,290.58,65.65,618.37
FEBRERO,14,5,0.007,0.005,0.025,0.5,39,29,14.13,1.51,255.78,70.37,618.27
FEBRERO,14,6,0.002,0.005,0.028,0.59,55,31,13.53,0.73,229.18,73.72,618.14
FEBRERO,14,7,0,0.005,0.029,0.92,58,36,13.2,0.74,174.28,75.96,618.46
FEBRERO,14,8,0.003,0.005,0.03,1.39,76,36,13.84,0.52,172.98,74.76,618.59
FEBRERO,14,9,0.012,0.006,0.028,1,68,39,16.68,1.44,331.8,65.52,618.6
FEBRERO,14,10,0.02,0.006,0.026,0.73,69,30,18.71,1.19,269.71,59.85,618.98
FEBRERO,14,11,0.029,0.006,0.024,0.72,69,30,21.11,1.26,285.38,53.51,619.14
FEBRERO,14,12,0.041,0.006,0.02,0.53,78,33,23.12,1.86,235.1,46.7,618.72
FEBRERO,14,13,0.041,0.005,0.016,0.46,51,27,24.65,4.64,258.77,36.5,617.98
FEBRERO,14,14,0.043,0.005,0.015,0.49,86,23,26.01,5.45,266.19,33.09,617.3
FEBRERO,14,15,0.045,0.005,0.013,0.5,164,24,26.87,4.41,277.74,30.42,616.41
FEBRERO,14,16,0.04,0.004,0.013,0.49,90,23,27.94,5.33,251.37,18.44,616.37
FEBRERO,14,17,0.038,0.004,0.012,0.53,866,24,28.06,5.75,239.7,14.25,616.29
FEBRERO,14,18,0.034,0.005,0.013,0.57,173,27,26.05,5.44,226.26,29.67,616.58
FEBRERO,14,19,0.029,0.005,0.015,0.59,118,31,24.41,5.27,215.52,35.1,616.74
FEBRERO,14,20,0.023,0.005,0.017,0.63,99,27,22.61,3.11,247.13,37.47,617.18
FEBRERO,14,21,0.02,0.005,0.019,0.6,96,28,21.08,2.58,271.32,41.04,617.64
FEBRERO,14,22,0.023,0.005,0.018,0.52,68,27,20.54,3.62,275.47,41.44,618.07
FEBRERO,14,23,0.026,0.005,0.014,0.47,39,25,19.78,3.06,265.09,44.05,618.37
FEBRERO,15,0,0.026,0.005,0.014,0.45,24,21,18.76,1.29,209.44,47.84,618.53
FEBRERO,15,1,0.015,0.005,0.02,0.57,25,19,17.58,1.47,350.15,49.29,618.43
FEBRERO,15,2,0.003,0.005,0.03,0.67,46,24,15.89,1.13,62.72,50.7,618.33
FEBRERO,15,3,0.003,0.005,0.029,0.65,56,31,15.26,0.95,26.84,52.61,618.28
FEBRERO,15,4,0.003,0.004,0.029,0.64,55,33,14.48,0.86,276.12,58.33,618.51
FEBRERO,15,5,0.001,0.004,0.029,0.54,48,27,13.2,0.57,117.6,63.14,618.44
FEBRERO,15,6,0.001,0.004,0.028,0.69,49,26,13.05,0.43,164.26,65.25,618.61
FEBRERO,15,7,0,0.004,0.028,1.03,47,25,12.09,0.66,85.83,66.4,618.7
FEBRERO,15,8,0.001,0.005,0.029,1.52,72,36,11.82,0.62,67.72,65.66,619.06
FEBRERO,15,9,0.002,0.004,0.032,1.8,99,42,14.92,0.5,95.38,58.46,619.26
FEBRERO,15,10,0.007,0.005,0.036,1.39,139,46,17.68,0.67,129.02,52.53,619.54
FEBRERO,15,11,0.019,0.004,0.033,1,111,38,20.18,0.8,341.05,45.27,619.66
FEBRERO,15,12,0.033,0.004,0.025,0.68,84,33,22.54,1.41,18.47,38.06,619.39
FEBRERO,15,13,0.036,0.003,0.018,0.52,59,26,24.5,3.61,279.38,27.65,618.91
FEBRERO,15,14,0.04,0.003,0.019,0.48,60,23,25.27,4.25,278.98,28.66,618.23
FEBRERO,15,15,0.043,0.003,0.019,0.46,57,21,26.56,2.7,281.97,26.95,617.62
FEBRERO,15,16,0.047,0.003,0.019,0.47,43,19,27.06,3.49,282.15,27.12,617.21
FEBRERO,15,17,0.042,0.003,0.02,0.4,58,21,27.13,4.35,279.19,26.11,617.06
FEBRERO,15,18,0.032,0.003,0.021,0.36,67,27,26.8,3.72,274.87,25.04,616.99
FEBRERO,15,19,0.024,0.003,0.025,0.51,53,23,25.42,2.58,283.58,27.13,616.81
FEBRERO,15,20,0.004,0.004,0.039,1.16,56,23,23.65,1.41,288.17,32.34,616.9
FEBRERO,15,21,0.002,0.004,0.039,0.99,115,35,21.56,0.95,256.2,36.95,617.35
FEBRERO,15,22,0.002,0.004,0.035,0.75,138,44,20.17,0.72,264.06,39.37,617.78
FEBRERO,15,23,0.001,0.004,0.034,0.94,72,27,19.53,0.43,309.42,40.12,618.17
FEBRERO,16,0,0,0.004,0.035,0.93,60,29,18.09,1.02,43.65,44.26,618.51
FEBRERO,16,1,0.001,0.004,0.033,0.76,106,49,16.98,0.43,60.88,46.31,618.6
FEBRERO,16,2,0.001,0.004,0.031,0.58,87,44,16,0.42,136.37,48.94,618.64
FEBRERO,16,3,0.001,0.004,0.031,0.6,64,38,14.67,0.43,197.51,51.15,618.41
FEBRERO,16,4,0.001,0.005,0.029,0.6,224,46,14.19,0.43,241.18,52.7,618.05
FEBRERO,16,5,0.003,0.006,0.025,0.49,66,42,13.27,0.75,238.2,53.98,618.12
FEBRERO,16,6,0.01,0.006,0.023,0.44,34,35,13.52,0.73,228.81,54.86,618.31
FEBRERO,16,7,0.003,0.005,0.025,0.7,27,29,12.11,1.23,83.95,56.42,618.62
FEBRERO,16,8,0.002,0.005,0.024,0.72,75,41,11.94,0.66,142.66,54.92,618.99
FEBRERO,16,9,0.004,0.006,0.026,1.04,58,35,14.27,0.97,159.5,50.45,618.99
FEBRERO,16,10,0.014,0.006,0.025,0.73,220,50,18.33,0.44,151.4,43.8,619.29
FEBRERO,16,11,0.029,0.006,0.024,0.56,92,36,20.11,2.51,279.98,44.29,619.46
FEBRERO,16,12,0.039,0.005,0.019,0.4,107,37,21.66,2.89,290.14,42.46,619.07
FEBRERO,16,13,0.044,0.005,0.015,0.43,76,29,24.4,2.35,302.16,34.71,618.59
FEBRERO,16,14,0.052,0.005,0.016,0.38,68,28,26.21,2.19,306.41,31.84,617.9
FEBRERO,16,15,0.041,0.005,0.016,0.43,65,30,27.49,3.48,290.44,26.35,617.43
FEBRERO,16,16,0.041,0.004,0.015,0.39,56,25,27.83,4.4,289.1,21.03,616.98
FEBRERO,16,17,0.039,0.004,0.014,0.42,63,23,27.96,4.45,287.98,25.05,617.07
FEBRERO,16,18,0.034,0.004,0.015,0.46,58,22,27.55,3.91,299.32,23.26,617.23
FEBRERO,16,19,0.022,0.005,0.025,0.8,41,22,25.88,2.56,322.77,27.88,617.18
FEBRERO,16,20,0.004,0.005,0.038,1.21,63,25,24.09,0.62,301.52,32.82,617.46
FEBRERO,16,21,0.001,0.005,0.04,1.11,93,32,22.69,2.07,283.4,35.71,617.73
FEBRERO,16,22,0.001,0.005,0.038,0.86,149,47,21.22,1.59,274.56,38.46,618.25
FEBRERO,16,23,0.004,0.005,0.034,0.75,115,42,19.95,0.71,256.22,40.24,618.76
FEBRERO,17,0,0.001,0.005,0.031,0.8,80,35,18.77,0.99,120.49,43.36,618.83
FEBRERO,17,1,0.024,0.006,0.024,0.55,88,38,18.69,3.48,80.41,60.01,618.98
FEBRERO,17,2,0.025,0.006,0.023,0.52,91,33,17.59,4.05,99.47,70.46,618.88
FEBRERO,17,3,0.026,0.006,0.023,0.5,89,42,16.73,4.7,100.17,77.63,618.73
FEBRERO,17,4,0.026,0.006,0.022,0.49,71,45,15.91,4.5,93.38,82.37,618.79
FEBRERO,17,5,0.026,0.006,0.021,0.48,68,48,15.07,3.94,87.24,86.25,618.74
FEBRERO,17,6,0.025,0.006,0.02,0.49,65,45,14.75,4.6,84.21,88.58,618.75
FEBRERO,17,7,0.025,0.006,0.019,0.52,71,47,14.67,4.49,77.15,88.65,619.08
FEBRERO,17,8,0.023,0.006,0.021,0.61,59,41,14.69,5.21,85.06,87.55,619.59
FEBRERO,17,9,0.022,0.006,0.022,0.63,64,42,15.67,5.59,84.39,83.19,620.08
FEBRERO,17,10,0.025,0.006,0.019,0.59,78,37,16.49,6.51,81.68,78.16,620.4
FEBRERO,17,11,0.03,0.006,0.019,0.59,111,35,17.39,6.25,85.05,72.69,620.52
FEBRERO,17,12,0.037,0.006,0.018,0.58,116,35,18.9,5.55,83.49,66.45,620.19
FEBRERO,17,13,0.044,0.006,0.018,0.57,107,34,20.23,5.66,84.68,61.08,619.87
FEBRERO,17,14,0.052,0.006,0.018,0.58,119,28,22.07,5.3,94.24,55.34,619.24
FEBRERO,17,15,0.055,0.006,0.018,0.57,119,33,23.49,5.41,102.5,49.89,618.7
FEBRERO,17,16,0.057,0.006,0.019,0.6,104,28,24.72,4.91,99.32,45.35,618.2
FEBRERO,17,17,0.057,0.006,0.02,0.63,100,29,24.72,5.27,93.29,43.12,617.94
FEBRERO,17,18,0.047,0.006,0.021,0.67,102,29,23.53,5.69,92.22,45.34,618.14
FEBRERO,17,19,0.036,0.006,0.023,0.67,127,26,21.09,6.02,90.32,49.41,618.61
FEBRERO,17,20,0.029,0.006,0.023,0.64,138,34,18.08,6.39,90.44,52.63,619.01
FEBRERO,17,21,0.028,0.006,0.022,0.58,147,32,15.44,6.52,82.75,54.63,620.11
FEBRERO,17,22,0.028,0.006,0.019,0.52,141,32,13.29,6.22,77.05,56.28,620.95
FEBRERO,17,23,0.028,0.006,0.017,0.48,99,27,11.38,5.82,79.62,58.89,621.59
FEBRERO,18,0,0.032,0.006,0.014,0.44,74,24,9.96,5.19,76.4,63.5,622.07
FEBRERO,18,1,0.032,0.005,0.013,0.41,44,23,9.09,4.59,75.09,67.62,622.11
FEBRERO,18,2,0.031,0.005,0.014,0.4,33,23,8.54,3.99,73.84,69.74,621.87
FEBRERO,18,3,0.032,0.005,0.013,0.38,26,22,8.09,4.33,77.3,72.62,621.95
FEBRERO,18,4,0.031,0.005,0.013,0.4,27,21,7.53,3.61,66.83,73.68,621.83
FEBRERO,18,5,0.026,0.005,0.015,0.42,27,21,6.6,1.87,36.28,70.04,621.63
FEBRERO,18,6,0.022,0.005,0.018,0.45,30,22,5.9,1.82,19.32,69.43,621.76
FEBRERO,18,7,0.018,0.005,0.021,0.51,39,27,5.61,1.99,36.55,70.34,621.85
FEBRERO,18,8,0.013,0.005,0.024,0.66,38,27,5.68,1.7,36.99,70.3,622.01
FEBRERO,18,9,0.017,0.005,0.024,0.64,51,25,7.53,3.01,74.9,70.99,621.63
FEBRERO,18,10,0.024,0.005,0.021,0.59,60,32,10,3.81,94.66,69.29,621.6
FEBRERO,18,11,0.028,0.005,0.02,0.6,57,25,13.02,2.7,92.8,62.27,621.9
FEBRERO,18,12,0.036,0.005,0.022,0.65,68,32,16.62,1.59,13.08,54.35,621.83
FEBRERO,18,13,0.052,0.005,0.022,0.63,76,31,20.16,1.56,34.28,47.38,621.35
FEBRERO,18,14,0.062,0.005,0.021,0.63,73,38,23.34,1.81,324.55,41.84,620.65
FEBRERO,18,15,0.061,0.005,0.021,0.64,68,30,25.41,2.22,297.94,39.29,619.86
FEBRERO,18,16,0.059,0.006,0.018,0.52,85,38,26.46,2.09,272.44,36.1,619.46
FEBRERO,18,17,0.058,0.005,0.016,0.53,65,25,27.3,2.01,300.53,31.77,619.06
FEBRERO,18,18,0.057,0.005,0.017,0.57,59,26,27.12,2.03,289.09,33.48,618.72
FEBRERO,18,19,0.048,0.005,0.021,0.68,75,25,25.25,2,277.37,39.91,618.56
FEBRERO,18,20,0.029,0.005,0.032,0.91,77,29,23.59,2.68,21.44,40.38,619.25
FEBRERO,18,21,0.028,0.005,0.028,0.73,93,34,21.45,3.09,87.12,41.46,620.03
FEBRERO,18,22,0.034,0.005,0.023,0.55,83,31,19.73,4.7,105.42,43.28,620.45
FEBRERO,18,23,0.035,0.005,0.022,0.54,83,30,18.52,3.38,105.14,46.32,620.93
FEBRERO,19,0,0.027,0.005,0.023,0.56,73,29,17.08,2.85,77.85,50.22,621.16
FEBRERO,19,1,0.026,0.005,0.025,0.57,66,29,15.68,2.62,61.08,53.05,621.48
FEBRERO,19,2,0.032,0.005,0.02,0.49,64,30,14.47,3.09,68.99,56.38,621.25
FEBRERO,19,3,0.032,0.005,0.018,0.48,51,25,13.33,3.5,79.72,58.69,621.08
FEBRERO,19,4,0.029,0.005,0.018,0.48,42,26,12.13,3.88,91.08,61.28,620.98
FEBRERO,19,5,0.028,0.005,0.017,0.47,44,25,11.01,2.62,75.09,64.68,620.93
FEBRERO,19,6,0.024,0.005,0.019,0.48,43,25,10.02,1.82,80.67,68.23,621.15
FEBRERO,19,7,0.02,0.005,0.021,0.51,44,25,9.66,1.7,68.76,69.82,621.19
FEBRERO,19,8,0.019,0.006,0.023,0.59,39,25,9.81,2.08,75.51,69.02,621.53
FEBRERO,19,9,0.023,0.005,0.023,0.61,43,25,11.72,3.04,74.22,64.47,621.72
FEBRERO,19,10,0.031,0.006,0.021,0.57,55,26,14.2,3.41,81.94,59.4,621.9
FEBRERO,19,11,0.039,0.006,0.02,0.57,63,27,17.56,2.64,81.58,52.57,621.86
FEBRERO,19,12,0.051,0.006,0.02,0.6,65,27,21.51,1.61,39.56,44.69,621.87
FEBRERO,19,13,0.063,0.006,0.019,0.57,66,29,23.56,2.16,292.88,39.2,621.36
FEBRERO,19,14,0.066,0.006,0.017,0.55,61,27,25.47,2.21,316.91,40.57,620.59
FEBRERO,19,15,0.066,0.006,0.016,0.54,50,30,26.63,2.74,309.75,37.61,620.2
FEBRERO,19,16,0.065,0.006,0.015,0.55,236,29,27.46,2.86,313.72,34.88,619.75
FEBRERO,19,17,0.065,0.006,0.015,0.57,75,27,27.62,3.31,306.85,28.6,619.45
FEBRERO,19,18,0.062,0.006,0.016,0.6,47,28,27.24,2.99,331.99,28.81,619.27
FEBRERO,19,19,0.051,0.006,0.02,0.72,56,31,25.92,1.98,323.52,28.51,619.09
FEBRERO,19,20,0.021,0.006,0.039,1.45,59,27,23.47,1.29,234.71,38.53,619.27
FEBRERO,19,21,0.02,0.006,0.039,1.22,97,36,21.34,1.64,186.29,42.85,619.68
FEBRERO,19,22,0.023,0.006,0.031,0.77,102,34,20.59,3.98,102.8,46.08,620.12
FEBRERO,19,23,0.023,0.006,0.024,0.62,111,33,19.57,4.41,89.46,49.85,620.3
FEBRERO,20,0,0.024,0.006,0.022,0.58,92,30,18.3,3.02,67.78,53.81,620.89
FEBRERO,20,1,0.029,0.005,0.02,0.47,80,29,17.14,2.02,46.94,56.12,620.94
FEBRERO,20,2,0.029,0.005,0.017,0.44,61,30,15.41,1.72,36.13,61.63,621.06
FEBRERO,20,3,0.027,0.005,0.017,0.44,50,26,14.53,1.52,56.26,65.23,621.04
FEBRERO,20,4,0.028,0.005,0.016,0.43,88,58,13.96,1.34,52.83,67.37,620.98
FEBRERO,20,5,0.025,0.005,0.017,0.42,61,32,13.43,2.01,76.03,69.43,620.9
FEBRERO,20,6,0.021,0.005,0.019,0.48,45,28,13.03,2.16,78.54,69.91,620.93
FEBRERO,20,7,0.005,0.005,0.031,0.71,41,24,12.36,1.62,85.75,72.59,620.95
FEBRERO,20,8,0.001,0.006,0.034,1.34,50,25,12.09,1.58,97.99,73.29,621.29
FEBRERO,20,9,0.008,0.006,0.029,1.05,98,34,13.9,2.01,82.65,67.22,621.19
FEBRERO,20,10,0.021,0.006,0.026,0.76,100,33,17.2,1.78,85.73,60.51,621.68
FEBRERO,20,11,0.032,0.006,0.024,0.61,91,28,20.26,1.86,79.52,54.52,621.42
FEBRERO,20,12,0.047,0.006,0.021,0.55,69,29,23.38,1.51,356.26,44.96,621.14
FEBRERO,20,13,0.058,0.006,0.021,0.62,91,27,25.65,1.81,10.08,37.72,620.69
FEBRERO,20,14,0.067,0.006,0.02,0.56,75,29,27.79,2.31,58.11,24.34,619.92
FEBRERO,20,15,0.066,0.006,0.018,0.49,63,29,28.89,3.29,100.93,9.69,619.04
FEBRERO,20,16,0.077,0.006,0.018,0.58,68,34,29.83,2.86,72.32,12.1,618.53
FEBRERO,20,17,0.073,0.006,0.018,0.6,84,30,30.36,2.37,73.57,13.18,618.28
FEBRERO,20,18,0.068,0.006,0.018,0.61,75,28,30.47,1.56,57.9,16.57,618.28
FEBRERO,20,19,0.059,0.006,0.024,0.74,64,26,28.08,1.75,277.54,20.68,617.83
FEBRERO,20,20,0.037,0.006,0.039,1.12,79,27,24.88,2.32,253.71,32.65,617.76
FEBRERO,20,21,0.02,0.006,0.048,1.35,150,50,23.74,2.15,23.19,33.87,618.22
FEBRERO,20,22,0.034,0.006,0.028,0.62,134,49,23.01,3.11,125.52,34.08,618.8
FEBRERO,20,23,0.035,0.006,0.024,0.54,92,36,22.58,2.92,116.13,38.71,619
FEBRERO,21,0,0.033,0.006,0.021,0.51,77,28,21.01,2.65,87.91,44.22,619.07
FEBRERO,21,1,0.023,0.005,0.024,0.51,66,25,19.65,2.13,86.81,49.2,618.88
FEBRERO,21,2,0.014,0.004,0.028,0.51,57,36,18.23,1.58,89.39,54.6,618.91
FEBRERO,21,3,0.011,0.004,0.028,0.51,65,30,17.22,1.29,65.11,57.46,618.51
FEBRERO,21,4,0.001,0.004,0.036,0.58,51,31,16.04,0.65,317.88,62.2,618.61
FEBRERO,21,5,0.001,0.005,0.036,0.64,70,34,15.52,0.65,100.57,64.03,618.48
FEBRERO,21,6,0.001,0.005,0.036,0.71,76,36,15.25,1.02,29.06,63.8,618.66
FEBRERO,21,7,0.001,0.005,0.038,0.81,76,41,15.18,1.53,305.7,66.56,619.04
FEBRERO,21,8,0.001,0.005,0.035,1.4,91,37,14.62,1.52,210.09,69.51,619.43
FEBRERO,21,9,0.021,0.005,0.023,0.69,118,47,17.03,3.52,272.59,70.21,619.62
FEBRERO,21,10,0.034,0.005,0.017,0.54,83,31,18.81,4.34,270.26,66.06,619.73
FEBRERO,21,11,0.042,0.004,0.015,0.48,62,29,20.45,4.32,265.17,61.24,619.87
FEBRERO,21,12,0.044,0.004,0.013,0.45,138,28,21.9,5.48,270.88,55.79,619.34
FEBRERO,21,13,0.046,0.004,0.012,0.47,81,30,23.49,4.42,278.31,51.28,618.75
FEBRERO,21,14,0.049,0.004,0.012,0.5,63,30,24.62,4.75,280.5,47.83,618.32
FEBRERO,21,15,0.051,0.004,0.013,0.53,77,29,25.49,3.78,281.8,42.51,617.55
FEBRERO,21,16,0.053,0.004,0.013,0.54,70,29,26.13,4.57,273.12,41.09,616.93
FEBRERO,21,17,0.055,0.004,0.013,0.54,68,27,26.23,5.49,273.29,40.17,616.61
FEBRERO,21,18,0.048,0.004,0.013,0.56,86,26,25.42,5.19,274.05,41.68,616.85
FEBRERO,21,19,0.039,0.004,0.016,0.66,69,30,23.87,3.92,264.85,45.66,616.85
FEBRERO,21,20,0.03,0.004,0.022,0.76,101,38,22.39,3.64,245.02,47.76,616.88
FEBRERO,21,21,0.029,0.004,0.018,0.62,92,36,21.52,6.5,225.26,46.29,617.43
FEBRERO,21,22,0.034,0.004,0.014,0.52,51,24,21.13,6.3,228.86,48.04,617.65
FEBRERO,21,23,0.031,0.004,0.014,0.47,100,26,20.01,2.94,281.07,53.26,617.94
FEBRERO,22,0,0.032,0.004,0.015,0.43,61,28,19.14,2.05,275.02,53.99,618.18
FEBRERO,22,1,0.034,0.006,0.013,0.4,42,25,18.46,2.73,268.67,54.58,618.35
FEBRERO,22,2,0.033,0.006,0.012,0.37,34,24,17.34,2.3,243.84,60.98,618.37
FEBRERO,22,3,0.029,0.006,0.013,0.39,28,25,16.9,3.04,259.16,64.65,618.48
FEBRERO,22,4,0.022,0.006,0.017,0.41,42,27,15.99,3.01,275.37,67.16,618.4
FEBRERO,22,5,0.02,0.006,0.015,0.4,45,33,14.94,2.17,265.43,71.03,618.5
FEBRERO,22,6,0.021,0.006,0.016,0.44,36,27,14.99,2.95,258.47,70.38,618.72
FEBRERO,22,7,0.02,0.006,0.015,0.58,33,26,14.76,3.99,257.31,73.52,618.97
FEBRERO,22,8,0.016,0.006,0.019,0.68,55,26,14.96,3.53,264.14,73.85,618.94
FEBRERO,22,9,0.014,0.006,0.023,0.84,50,28,16.63,2.56,246.94,69.26,619.09
FEBRERO,22,10,0.025,0.006,0.018,0.6,68,29,18.35,4.19,285.13,62.57,619.34
FEBRERO,22,11,0.032,0.006,0.014,0.48,73,38,19.25,5.22,276.26,57.02,619.53
FEBRERO,22,12,0.037,0.006,0.013,0.47,65,45,20.4,5.92,279.99,53.23,619.4
FEBRERO,22,13,0.037,0.006,0.013,0.47,68,53,20.69,5.51,274.28,51.54,619
FEBRERO,22,14,0.037,0.006,0.013,0.47,55,52,21.69,4.51,276.41,44.89,618.5
FEBRERO,22,15,0.038,0.006,0.013,0.51,59,47,23.29,5.67,290.47,37.7,617.98
FEBRERO,22,16,0.041,0.006,0.013,0.5,83,39,24.18,3.29,284.35,35.63,617.61
FEBRERO,22,17,0.042,0.006,0.013,0.55,59,36,23.99,1.82,296.98,36.36,617.58
FEBRERO,22,18,0.041,0.006,0.015,0.58,62,36,24.47,3.17,297.59,33.63,617.43
FEBRERO,22,19,0.033,0.006,0.019,0.64,58,31,23.74,2,265.75,34.95,617.61
FEBRERO,22,20,0.02,0.006,0.028,0.81,81,45,21.59,1.92,250.43,39.03,618.14
FEBRERO,22,21,0.024,0.006,0.022,0.65,100,56,20.34,3.02,255.34,41.31,618.66
FEBRERO,22,22,0.022,0.006,0.021,0.61,78,46,19.13,2.65,254.06,43.85,619.05
FEBRERO,22,23,0.02,0.006,0.019,0.55,64,41,18.14,1.79,267.57,45.99,619.39
FEBRERO,23,0,0.014,0.006,0.021,0.59,38,34,16.98,1.12,335.14,48.99,619.72
FEBRERO,23,1,0.005,0.005,0.028,0.7,44,29,15.98,1.21,7.78,51.66,619.73
FEBRERO,23,2,0.003,0.006,0.032,0.62,54,33,15.22,1.1,7.78,54.03,619.71
FEBRERO,23,3,0.003,0.007,0.03,0.68,60,38,14.56,1.01,343.35,55.99,619.67
FEBRERO,23,4,0.002,0.007,0.03,0.7,52,38,13.54,0.56,228.16,59.99,619.69
FEBRERO,23,5,0.001,0.006,0.028,0.81,56,42,12.61,0.75,149.38,63.39,619.74
FEBRERO,23,6,0.001,0.006,0.029,0.79,93,55,11.73,1.21,125.28,64.87,620.04
FEBRERO,23,7,0.001,0.006,0.028,0.91,80,41,11.22,1.17,93.73,67.42,620.36
FEBRERO,23,8,0.001,0.006,0.029,1.36,76,34,11.45,1.2,86.91,66.06,620.58
FEBRERO,23,9,0.004,0.006,0.031,1.44,104,46,14.03,1.54,123.94,58.72,620.77
FEBRERO,23,10,0.014,0.006,0.027,0.85,125,49,17.07,1.68,73.53,53.53,620.95
FEBRERO,23,11,0.031,0.006,0.023,0.7,85,48,20.02,2.02,13.9,48.28,621.17
FEBRERO,23,12,0.047,0.006,0.026,0.81,74,46,21.43,1.99,312.75,45.78,620.74
FEBRERO,23,13,0.062,0.006,0.024,0.67,95,44,23.15,2.19,303.62,42.97,620.41
FEBRERO,23,14,0.069,0.006,0.019,0.61,99,42,24.91,1.96,293.35,39.4,620.15
FEBRERO,23,15,0.067,0.006,0.018,0.63,83,37,24.87,2.06,324.76,38.72,619.14
FEBRERO,23,16,0.071,0.006,0.017,0.6,81,56,27.15,1.99,311.53,33.39,618.85
FEBRERO,23,17,0.065,0.006,0.017,0.63,76,61,28.47,1.86,353.37,12.79,619.2
FEBRERO,23,18,0.062,0.005,0.018,0.65,58,43,28.33,1.69,339.93,18.62,619.19
FEBRERO,23,19,0.044,0.005,0.031,1.02,45,51,26.39,1.79,331.64,25.33,618.86
FEBRERO,23,20,0.015,0.005,0.052,1.54,75,55,23.79,1.7,289.97,32.22,618.92
FEBRERO,23,21,0.016,0.005,0.043,1.17,133,62,21.3,1.53,266.43,37.61,619.21
FEBRERO,23,22,0.024,0.006,0.037,1.14,154,71,20.14,1.27,282.94,38.06,619.61
FEBRERO,23,23,0.001,0.006,0.057,1.75,100,40,19.28,1.51,100.48,42.34,620.04
FEBRERO,24,0,0.004,0.006,0.047,0.97,172,60,17.65,1.81,102.94,43.83,620.2
FEBRERO,24,1,0.008,0.006,0.046,0.7,135,80,17.57,2.4,101.24,43.7,620.18
FEBRERO,24,2,0.003,0.006,0.042,0.74,93,67,15.66,1.05,248.3,50.23,620.3
FEBRERO,24,3,0.007,0.006,0.038,0.67,105,50,15.59,1.21,119.72,51.96,620.01
FEBRERO,24,4,0.003,0.006,0.038,0.64,91,39,14.45,1.05,130.06,53.72,620.08
FEBRERO,24,5,0.003,0.006,0.039,0.65,87,45,14.26,1.6,74.32,57.15,620.25
FEBRERO,24,6,0.001,0.006,0.043,0.72,87,41,14.06,1.62,79.67,62.48,620.32
FEBRERO,24,7,0.001,0.006,0.04,0.96,81,43,13.22,1.46,95.43,65.8,620.48
FEBRERO,24,8,0.002,0.006,0.042,1.38,89,51,13.7,1.68,97.26,63.89,621.08
FEBRERO,24,9,0.005,0.007,0.04,1.4,116,50,15.13,1.69,119.39,59.03,621.16
FEBRERO,24,10,0.018,0.007,0.038,1.02,129,58,18.8,1.45,129.83,51.33,621.31
FEBRERO,24,11,0.033,0.007,0.032,0.71,107,57,22.11,2.19,81.62,42.67,621.22
FEBRERO,24,12,0.049,0.006,0.021,0.54,106,57,24.16,3.56,91.36,32.35,620.84
FEBRERO,24,13,0.056,0.006,0.021,0.51,86,35,26.66,3.25,97.2,23.51,620.11
FEBRERO,24,14,0.067,0.006,0.017,0.51,256,26,28.73,2.97,64.83,19.98,619.82
FEBRERO,24,15,0.064,0.006,0.017,0.51,87,26,29.45,4.04,85.2,15.69,619.15
FEBRERO,24,16,0.06,0.006,0.015,0.51,97,26,30.75,3.54,89.43,6.11,618.42
FEBRERO,24,17,0.062,0.006,0.015,0.56,77,24,30.94,3.68,93.42,2.53,618.27
FEBRERO,24,18,0.054,0.006,0.019,0.65,73,30,30.07,3.94,80.95,6.21,618.15
FEBRERO,24,19,0.042,0.005,0.023,0.67,83,25,28.04,4.12,98.8,17.17,618.29
FEBRERO,24,20,0.023,0.006,0.033,0.94,80,26,25.44,2.79,54.62,23.95,618.73
FEBRERO,24,21,0.023,0.006,0.031,0.73,98,31,22.94,2.78,89.91,30.9,619.81
FEBRERO,24,22,0.034,0.006,0.021,0.55,130,40,21.23,4.03,98.29,36.59,620.39
FEBRERO,24,23,0.028,0.006,0.025,0.56,103,32,19.63,3.36,78.35,42.07,620.89
FEBRERO,25,0,0.034,0.006,0.02,0.48,72,31,18.21,3.18,70.8,49.1,621.01
FEBRERO,25,1,0.035,0.005,0.017,0.46,53,29,17.15,2.65,56.67,55.11,621.13
FEBRERO,25,2,0.034,0.005,0.017,0.48,48,31,16.52,2.18,51.14,62.38,621.26
FEBRERO,25,3,0.034,0.005,0.016,0.46,45,34,15.54,2.01,37.34,70.21,621.17
FEBRERO,25,4,0.033,0.005,0.014,0.44,41,33,14.67,2.32,39.14,75.55,620.99
FEBRERO,25,5,0.029,0.005,0.015,0.45,43,41,14.1,1.87,40.57,75.99,620.86
FEBRERO,25,6,0.022,0.005,0.02,0.48,47,40,13.52,1.43,74.63,78.01,620.81
FEBRERO,25,7,0.008,0.005,0.031,0.63,44,34,13.3,1.99,54.99,80.72,621.28
FEBRERO,25,8,0.006,0.006,0.036,0.73,57,42,13.49,2.14,75.94,79.77,621.52
FEBRERO,25,9,0.016,0.006,0.03,0.84,72,40,15.46,1.57,24.38,74.27,621.64
FEBRERO,25,10,0.031,0.006,0.021,0.66,85,49,17.72,2.08,64.97,69.8,622.01
FEBRERO,25,11,0.045,0.006,0.017,0.57,82,47,19.92,2.57,89.39,64.57,622
FEBRERO,25,12,0.055,0.005,0.016,0.54,79,48,22.57,2.03,120.93,53.75,621.73
FEBRERO,25,13,0.066,0.006,0.015,0.56,66,47,24.67,1.96,122.93,47.48,621.18
FEBRERO,25,14,0.074,0.006,0.015,0.61,94,43,26.65,2.14,306,41.62,620.67
FEBRERO,25,15,0.081,0.006,0.015,0.63,80,51,27.02,3.33,299.2,42.05,620.17
FEBRERO,25,16,0.076,0.005,0.015,0.66,100,54,27.55,3.32,308.91,39.76,619.76
FEBRERO,25,17,0.067,0.005,0.014,0.65,86,48,27.11,2.64,325.22,37.61,619.11
FEBRERO,25,18,0.064,0.005,0.014,0.63,78,50,27.38,2.39,289.61,35.17,619.24
FEBRERO,25,19,0.058,0.005,0.015,0.67,72,53,26.3,2.85,284.18,35.52,619.24
FEBRERO,25,20,0.042,0.005,0.026,0.88,84,50,24.34,2.39,261.9,40.98,619.39
FEBRERO,25,21,0.037,0.005,0.026,0.91,114,47,22.8,2.65,218.25,41.49,619.92
FEBRERO,25,22,0.027,0.005,0.021,0.65,81,41,21.78,2.89,172.35,38.42,620
FEBRERO,25,23,0.027,0.005,0.019,0.59,50,35,20.86,3.17,89.23,43.99,620.5
FEBRERO,26,0,0.021,0.005,0.021,0.61,62,39,19.29,3.86,84.96,67.95,620.88
FEBRERO,26,1,0.025,0.006,0.017,0.49,77,41,17.94,4.03,95.5,75.61,620.83
FEBRERO,26,2,0.02,0.006,0.017,0.49,56,41,17.12,2.78,97.03,78.84,620.71
FEBRERO,26,3,0.017,0.006,0.02,0.49,59,36,16.32,2.19,90.6,81.65,620.48
FEBRERO,26,4,0.014,0.006,0.021,0.51,58,41,15.51,1.76,83.56,83.66,620.24
FEBRERO,26,5,0.009,0.006,0.025,0.54,55,36,14.8,1.2,19.22,85.5,620.26
FEBRERO,26,6,0.006,0.006,0.024,0.59,53,38,13.95,1.57,126.02,82.88,620.51
FEBRERO,26,7,0.001,0.006,0.028,0.62,59,37,12.82,1.64,128.38,82.82,620.74
FEBRERO,26,8,0.002,0.006,0.025,0.68,67,38,12.97,0.99,92.06,72.51,621.15
FEBRERO,26,9,0.014,0.006,0.021,0.72,57,35,16.6,1.04,128.87,63.67,621.23
FEBRERO,26,10,0.025,0.006,0.017,0.64,63,35,18.89,1.39,154.49,56.46,621.41
FEBRERO,26,11,0.041,0.006,0.019,0.64,92,34,21.76,1.89,284.98,56.05,621.21
FEBRERO,26,12,0.053,0.007,0.017,0.57,338,41,23.41,2.38,283.34,53.12,621.08
FEBRERO,26,13,0.061,0.007,0.014,0.52,102,43,25.64,2.06,255.55,45.92,620.56
FEBRERO,26,14,0.061,0.006,0.012,0.51,69,39,26.93,2.65,277.33,38.83,619.82
FEBRERO,26,15,0.054,0.006,0.011,0.49,60,31,28.43,2.22,339.42,29.59,619.13
FEBRERO,26,16,0.044,0.006,0.011,0.52,47,29,29.54,3.22,202.12,24.03,618.55
FEBRERO,26,17,0.041,0.005,0.01,0.5,57,28,28.73,4.28,242.84,26.45,617.91
FEBRERO,26,18,0.05,0.006,0.011,0.55,67,29,28.4,3.74,295.27,29.94,617.86
FEBRERO,26,19,0.046,0.006,0.013,0.62,35,31,26.72,3.68,292.5,33.7,617.68
FEBRERO,26,20,0.022,0.006,0.025,0.86,200,32,24.86,2.53,266.48,36.16,617.84
FEBRERO,26,21,0.016,0.006,0.03,0.96,124,35,23.47,2.76,259.87,38.59,618.22
FEBRERO,26,22,0.02,0.006,0.024,0.71,108,38,23.19,3.25,276.72,38.26,618.7
FEBRERO,26,23,0.017,0.006,0.023,0.58,99,33,21.49,2.9,276.29,41.41,618.94
FEBRERO,27,0,0.014,0.006,0.02,0.6,68,32,20.08,1.73,301.89,43.06,618.78
FEBRERO,27,1,0.007,0.005,0.027,0.68,90,32,18.96,0.96,315.34,45.75,618.68
FEBRERO,27,2,0.002,0.006,0.028,0.77,70,40,17.87,0.87,348.58,48.13,618.81
FEBRERO,27,3,0.002,0.006,0.029,0.7,72,34,17.12,0.76,350.58,49.71,618.65
FEBRERO,27,4,0.001,0.006,0.027,0.76,58,33,15.8,1.07,148.63,55.43,618.61
FEBRERO,27,5,0,0.006,0.029,0.75,78,38,14.32,1.14,104.82,57.81,618.65
FEBRERO,27,6,0,0.006,0.026,0.9,89,42,14.06,1.14,109.46,57.85,618.96
FEBRERO,27,7,0,0.006,0.026,0.98,81,45,13.48,1.25,98.97,57.13,619.34
FEBRERO,27,8,0.001,0.006,0.027,1.16,69,39,13.57,1.85,83,56.68,619.72
FEBRERO,27,9,0.004,0.006,0.029,1.23,83,38,16.11,1.54,77.09,50.69,619.93
FEBRERO,27,10,0.011,0.006,0.027,0.92,102,43,19.94,1.21,151.26,44.63,620.22
FEBRERO,27,11,0.028,0.006,0.022,0.76,103,39,23.54,1.29,281.9,37.64,620.38
FEBRERO,27,12,0.046,0.006,0.021,0.74,78,35,26.02,1.93,351.17,31.42,620.23
FEBRERO,27,13,0.058,0.006,0.015,0.54,65,30,27.49,1.89,326.42,27.74,619.61
FEBRERO,27,14,0.052,0.006,0.015,0.54,70,35,29.11,2.48,308.97,22.74,619.25
FEBRERO,27,15,0.043,0.006,0.013,0.59,60,28,29.31,3.72,301.43,21.14,618.69
FEBRERO,27,16,0.049,0.007,0.012,0.58,47,27,29.53,4.02,298.22,20.77,618.23
FEBRERO,27,17,0.042,0.006,0.011,0.54,50,29,29.49,4,287.07,20.12,617.92
FEBRERO,27,18,0.042,0.005,0.012,0.63,43,27,29.29,3.45,299.27,21.27,617.89
FEBRERO,27,19,0.033,0.006,0.02,0.8,49,27,27.76,3.04,300.94,24.2,617.59
FEBRERO,27,20,0.011,0.006,0.04,1.34,61,26,25.64,1.54,296.35,28.97,617.47
FEBRERO,27,21,0.001,0.006,0.045,1.86,87,33,23.34,1.27,254.44,34.18,618.06
FEBRERO,27,22,0.003,0.006,0.043,1.88,205,57,22.12,1.21,293.38,36.54,618.27
FEBRERO,27,23,0.003,0.006,0.042,1.91,122,43,20.78,1.06,87.11,40.01,618.46
FEBRERO,28,0,0.001,0.006,0.04,1,146,49,19.73,1.99,107.55,40.23,618.78
FEBRERO,28,1,0,0.006,0.04,0.78,99,44,18.97,1,161.8,41.15,619.15
FEBRERO,28,2,0.001,0.005,0.036,0.78,89,41,17.9,0.79,8.13,44.49,619.03
FEBRERO,28,3,0.001,0.006,0.038,0.8,108,38,17.23,1.08,82.3,45.09,618.7
FEBRERO,28,4,0.001,0.006,0.034,0.75,92,45,16.12,0.55,186.56,48.8,618.3
FEBRERO,28,5,0,0.006,0.032,0.76,89,49,15.44,0.79,73.01,51.3,618.15
FEBRERO,28,6,0,0.006,0.033,0.74,82,44,14.56,1.49,99.08,52.64,618.4
FEBRERO,28,7,0,0.006,0.033,1.01,74,39,14.12,1.02,103.22,53.24,618.91
FEBRERO,28,8,0,0.006,0.034,1.79,78,42,14.24,1.23,113.56,53.29,619.24
FEBRERO,28,9,0.003,0.006,0.036,1.58,145,57,17.46,1.27,93.26,45.38,619.27
FEBRERO,28,10,0.011,0.006,0.035,0.95,126,46,20.34,1.45,85.74,41.47,619.62
FEBRERO,28,11,0.032,0.006,0.025,0.73,99,40,24.01,0.99,252.66,36.83,619.84
FEBRERO,28,12,0.048,0.006,0.021,0.65,68,32,26.74,1.34,313.31,31.36,619.79
FEBRERO,28,13,0.069,0.006,0.024,0.72,60,27,28.16,1.82,305.06,29.92,619.27
FEBRERO,28,14,0.073,0.006,0.023,0.7,102,42,30.27,2.15,357.44,25.17,618.68
FEBRERO,28,15,0.076,0.006,0.017,0.63,100,38,30.8,2.88,293.81,23.39,617.84
FEBRERO,28,16,0.069,0.005,0.014,0.6,98,34,31.24,2.97,293.24,23.14,617.37
FEBRERO,28,17,0.063,0.005,0.014,0.62,75,31,31.16,3.26,309.11,22.06,616.87
FEBRERO,28,18,0.055,0.005,0.015,0.64,71,32,30.63,3.66,282.3,21.64,616.85
FEBRERO,28,19,0.044,0.005,0.019,0.79,451,37,28.91,2.69,248.7,26.58,616.65
FEBRERO,28,20,0.035,0.005,0.019,0.73,149,34,26.5,1.84,224.03,31.94,616.89
FEBRERO,28,21,0.035,0.005,0.018,0.67,76,29,25.28,1.49,220,35.15,617.65
FEBRERO,28,22,0.037,0.005,0.014,0.57,63,29,24.38,1.67,210.29,38.71,618.25
FEBRERO,28,23,0.033,0.005,0.016,0.58,53,31,23.59,2.22,190.99,39.71,618.59
